车型名,网址
海鸥,https://www.16888.com/129792/
秦PLUS,https://www.16888.com/129054/
宏光MINIEV,https://www.16888.com/128864/
秦L,https://www.16888.com/129054/
朗逸,https://www.16888.com/57415/
海豹06 DM-i,https://www.16888.com/130213/
五菱缤果,https://www.16888.com/129783/
瑞虎8,https://www.16888.com/129446/
元UP,https://www.16888.com/130152/
星愿,https://www.16888.com/130680/
驱逐舰05,https://www.16888.com/129403/
熊猫,https://www.16888.com/129754/
海豚,https://www.16888.com/129217/
长安Lumin,https://www.16888.com/129444/
星瑞,https://www.16888.com/128660/
逸动,https://www.16888.com/128183/
奔腾小马,https://www.16888.com/129895/
艾瑞泽8,https://www.16888.com/129450/
捷途X70,https://www.16888.com/129031/
哈弗H6,https://www.16888.com/117870/
帝豪,https://www.16888.com/126615/
AION Y,https://www.16888.com/129064/
五菱宏光,https://www.16888.com/128399/
五菱宏光V,https://www.16888.com/128398/
缤越,https://www.16888.com/128190/
荣威i5,https://www.16888.com/128210/
传祺GS3,https://www.16888.com/126800/
零跑T03,https://www.16888.com/128803/
五菱星光S,https://www.16888.com/130615/
长安欧尚X5 PLUS,https://www.16888.com/129638/
捷达VS5,https://www.16888.com/128467/
瑞虎7,https://www.16888.com/127540/
北京BJ30,https://www.16888.com/128906/
五菱缤果Plus,https://www.16888.com/130179/
QQ冰淇淋,https://www.16888.com/129245/
纳米01,https://www.16888.com/130035/
MG5,https://www.16888.com/57769/
长安CS55PLUS,https://www.16888.com/128718/
五菱星光,https://www.16888.com/130082/
小蚂蚁,https://www.16888.com/127686/
科鲁泽,https://www.16888.com/128365/
五菱之光,https://www.16888.com/125979/
伊兰特,https://www.16888.com/58009/
瑞虎3X,https://www.16888.com/127369/
银河L6,https://www.16888.com/129920/
捷途大圣,https://www.16888.com/129349/
长安启源Q05,https://www.16888.com/130057/
蓝电E5,https://www.16888.com/129850/
长安UNI-Z,https://www.16888.com/130189/
捷途X90,https://www.16888.com/128364/
吉利ICON,https://www.16888.com/128633/
小麒麟,https://www.16888.com/129717/
五菱荣光,https://www.16888.com/126690/
长安启源A05,https://www.16888.com/130046/
奔腾B70,https://www.16888.com/57304/
五菱佳辰,https://www.16888.com/129447/
马自达3 昂克赛拉,https://www.16888.com/126536/
知豆彩虹,https://www.16888.com/130183/
缤瑞,https://www.16888.com/128069/
长安欧尚X7 PLUS,https://www.16888.com/129127/
捷达VA3,https://www.16888.com/128456/
欧诺S,https://www.16888.com/126069/
菱智,https://www.16888.com/57470/
金海狮,https://www.16888.com/125905/
哈弗M6,https://www.16888.com/127761/
长安欧尚Z6,https://www.16888.com/129372/
瑞虎5x,https://www.16888.com/127823/
钇为3,https://www.16888.com/129886/
荣威RX5,https://www.16888.com/127350/
五菱星驰,https://www.16888.com/129680/
皓瀚,https://www.16888.com/129838/
启辰D60,https://www.16888.com/127769/
凯翼拾月,https://www.16888.com/130078/
艾瑞泽5,https://www.16888.com/126937/
锐胜王牌M7,https://www.16888.com/129746/
比亚迪e2,https://www.16888.com/128578/
大通G50,https://www.16888.com/128118/
奕炫,https://www.16888.com/128474/
长安CS35PLUS,https://www.16888.com/128215/
凌宝BOX,https://www.16888.com/128895/
奕跑,https://www.16888.com/128155/
易至EV3,https://www.16888.com/128413/
哪吒X,https://www.16888.com/130058/
宝骏悦也PLUS,https://www.16888.com/130156/
骐达TIIDA,https://www.16888.com/57869/
五菱星辰,https://www.16888.com/129305/
瑞风M3,https://www.16888.com/126771/
飞度,https://www.16888.com/57311/
宝骏云朵,https://www.16888.com/129916/
宝骏悦也,https://www.16888.com/129809/
炫界,https://www.16888.com/128770/
花仙子,https://www.16888.com/129066/
Polo,https://www.16888.com/57413/
马自达CX-30,https://www.16888.com/128876/
启辰大V,https://www.16888.com/129271/
五菱征程,https://www.16888.com/129218/
奔腾T90,https://www.16888.com/129877/
锐程PLUS,https://www.16888.com/129684/
凌宝uni,https://www.16888.com/129441/
风光380,https://www.16888.com/129410/
